ï»¿recipe;plant
Bain de Prï¿½le;Prï¿½le
Cataplasme de Ashwagandha;Ashwagandha
Cataplasme de Chiendent;Chiendent
Cataplasme de Curcuma;Curcuma
Dï¿½coction concentrï¿½e de Aspï¿½rule odorante;Aspï¿½rule odorante
Dï¿½coction concentrï¿½e de Astragale;Astragale
Dï¿½coction concentrï¿½e de Aubï¿½pine;Aubï¿½pine
Dï¿½coction concentrï¿½e de Bouleau;Bouleau
Dï¿½coction concentrï¿½e de Camomille;Camomille
Dï¿½coction concentrï¿½e de Courge;Courge
Dï¿½coction concentrï¿½e de Eucalyptus;Eucalyptus
Dï¿½coction de Bardane;Bardane (racines)
Dï¿½coction de Saule Blanc;Saule blanc
Gel Apaisant Aloe Vera;Aloe vera
Infusion de Badiane (anis ï¿½toilï¿½);Badiane (anis ï¿½toilï¿½)
Infusion de Bruyï¿½re;Bruyï¿½re
Infusion de Busserole;Busserole
Infusion de Camomille romaine;Camomille romaine
Infusion de Consoude;Consoude
Infusion de Thym et Romarin;Thym, Romarin
Infusion de Tilleul;Tilleul
Lotion tonique au Buis;Buis
Lotion tonique au Cassis;Cassis
Lotion tonique au Centella asiatica;Centella asiatica
Lotion tonique au Cerise (queue de cerise);Cerise (queue de cerise)
Lotion tonique au Coquelicot;Coquelicot
Lotion tonique au ï¿½chinacï¿½e;ï¿½chinacï¿½e
Lotion tonique au Estragon;Estragon
Macï¿½rï¿½t huileux de Aigremoine;Aigremoine
Macï¿½rï¿½t huileux de Arbre ï¿½ thï¿½;Arbre ï¿½ thï¿½
Macï¿½rï¿½t huileux de Boldo;Boldo
Macï¿½rï¿½t huileux de Bouillon blanc;Bouillon blanc
Macï¿½rï¿½t huileux de Calendula;Calendula
Macï¿½rï¿½t huileux de Cannelle;Cannelle
Macï¿½rï¿½t huileux de Clou de girofle;Clou de girofle
Pesto au Basilic et ï¿½ l'Ail;Basilic, Ail
Salade de Pissenlit;Pissenlit
Sirop de Bourrache;Bourrache
Sirop de Sureau;Sureau
Thï¿½ Vert ï¿½ l'Anis;Thï¿½ vert, Anis
Tisane de Valï¿½riane pour le sommeil;Valï¿½riane
Vin d'Angï¿½lique;Angï¿½lique
Vin de Sauge;Sauge
